Module,/veins-4.4/examples/pveins_providencia/results/20Demand_PER00/nodebug-0.sca_nodebug-0-20170616-12:29:20-3796_ArrivedAtDest,/veins-4.4/examples/pveins_providencia/results/20Demand_PER00/nodebug-0.sca_nodebug-0-20170616-12:29:20-3796_RcvdWarnings,/veins-4.4/examples/pveins_providencia/results/20Demand_PER00/nodebug-0.sca_nodebug-0-20170616-12:29:20-3796_SentWarnings
ProvidenciaExampleScenario.node[11].appl,1,0,0
ProvidenciaExampleScenario.node[15].appl,1,0,0
ProvidenciaExampleScenario.node[0].appl,1,0,0
ProvidenciaExampleScenario.node[8].appl,1,0,0
ProvidenciaExampleScenario.node[14].appl,1,0,0
ProvidenciaExampleScenario.node[13].appl,1,0,0
ProvidenciaExampleScenario.node[9].appl,1,0,0
ProvidenciaExampleScenario.node[20].appl,1,0,0
ProvidenciaExampleScenario.node[16].appl,1,0,0
ProvidenciaExampleScenario.node[23].appl,1,0,0
ProvidenciaExampleScenario.node[5].appl,1,0,0
ProvidenciaExampleScenario.node[17].appl,1,0,0
ProvidenciaExampleScenario.node[41].appl,1,1,0
ProvidenciaExampleScenario.node[12].appl,1,1,0
ProvidenciaExampleScenario.node[50].appl,1,0,0
ProvidenciaExampleScenario.node[52].appl,1,0,0
ProvidenciaExampleScenario.node[112].appl,1,2,0
ProvidenciaExampleScenario.node[33].appl,1,0,0
ProvidenciaExampleScenario.node[47].appl,1,8,0
ProvidenciaExampleScenario.node[70].appl,1,0,0
ProvidenciaExampleScenario.node[134].appl,1,2,0
ProvidenciaExampleScenario.node[4].appl,1,8,0
ProvidenciaExampleScenario.node[45].appl,1,9,0
ProvidenciaExampleScenario.node[31].appl,1,9,0
ProvidenciaExampleScenario.node[37].appl,1,9,0
ProvidenciaExampleScenario.node[28].appl,1,0,0
ProvidenciaExampleScenario.node[21].appl,1,6,0
ProvidenciaExampleScenario.node[22].appl,1,2,0
ProvidenciaExampleScenario.node[74].appl,1,0,0
ProvidenciaExampleScenario.node[96].appl,1,4,0
ProvidenciaExampleScenario.node[48].appl,1,0,0
ProvidenciaExampleScenario.node[78].appl,1,9,0
ProvidenciaExampleScenario.node[30].appl,1,6,0
ProvidenciaExampleScenario.node[26].appl,1,0,0
ProvidenciaExampleScenario.node[3].appl,1,0,0
ProvidenciaExampleScenario.node[27].appl,1,13,0
ProvidenciaExampleScenario.node[67].appl,1,0,0
ProvidenciaExampleScenario.node[1].appl,1,0,0
ProvidenciaExampleScenario.node[73].appl,1,0,0
ProvidenciaExampleScenario.node[92].appl,1,3,0
ProvidenciaExampleScenario.node[43].appl,1,0,0
ProvidenciaExampleScenario.node[107].appl,1,0,0
ProvidenciaExampleScenario.node[66].appl,1,13,0
ProvidenciaExampleScenario.node[35].appl,1,15,0
ProvidenciaExampleScenario.node[49].appl,1,15,0
ProvidenciaExampleScenario.node[2].appl,1,8,0
ProvidenciaExampleScenario.node[100].appl,1,7,0
ProvidenciaExampleScenario.node[19].appl,1,8,0
ProvidenciaExampleScenario.node[6].appl,1,9,0
ProvidenciaExampleScenario.node[99].appl,1,14,0
ProvidenciaExampleScenario.node[130].appl,1,3,0
ProvidenciaExampleScenario.node[105].appl,1,13,0
ProvidenciaExampleScenario.node[175].appl,1,5,0
ProvidenciaExampleScenario.node[102].appl,1,14,0
ProvidenciaExampleScenario.node[58].appl,1,17,0
ProvidenciaExampleScenario.node[137].appl,1,10,0
ProvidenciaExampleScenario.node[113].appl,1,8,0
ProvidenciaExampleScenario.node[54].appl,1,16,0
ProvidenciaExampleScenario.node[79].appl,1,18,0
ProvidenciaExampleScenario.node[115].appl,1,0,0
ProvidenciaExampleScenario.node[97].appl,1,17,0
ProvidenciaExampleScenario.node[116].appl,1,0,0
ProvidenciaExampleScenario.node[145].appl,1,10,0
ProvidenciaExampleScenario.node[128].appl,1,8,0
ProvidenciaExampleScenario.node[155].appl,1,3,0
ProvidenciaExampleScenario.node[169].appl,1,0,0
ProvidenciaExampleScenario.node[65].appl,1,19,0
ProvidenciaExampleScenario.node[59].appl,1,0,0
ProvidenciaExampleScenario.node[64].appl,1,2,0
ProvidenciaExampleScenario.node[131].appl,1,13,0
ProvidenciaExampleScenario.node[151].appl,1,11,0
ProvidenciaExampleScenario.node[25].appl,1,3,0
ProvidenciaExampleScenario.node[139].appl,1,0,0
ProvidenciaExampleScenario.node[53].appl,1,13,0
ProvidenciaExampleScenario.node[156].appl,1,8,0
ProvidenciaExampleScenario.node[75].appl,1,0,0
ProvidenciaExampleScenario.node[34].appl,1,2,0
ProvidenciaExampleScenario.node[167].appl,1,7,0
ProvidenciaExampleScenario.node[61].appl,1,1,0
ProvidenciaExampleScenario.node[87].appl,1,0,0
ProvidenciaExampleScenario.node[174].appl,1,3,0
ProvidenciaExampleScenario.node[84].appl,1,2,0
ProvidenciaExampleScenario.node[88].appl,1,14,0
ProvidenciaExampleScenario.node[182].appl,1,2,0
ProvidenciaExampleScenario.node[42].appl,1,16,0
ProvidenciaExampleScenario.node[165].appl,1,0,0
ProvidenciaExampleScenario.node[46].appl,1,24,0
ProvidenciaExampleScenario.node[173].appl,1,2,0
ProvidenciaExampleScenario.node[60].appl,1,0,0
ProvidenciaExampleScenario.node[95].appl,1,1,0
ProvidenciaExampleScenario.node[82].appl,1,20,0
ProvidenciaExampleScenario.node[103].appl,1,9,0
ProvidenciaExampleScenario.node[110].appl,1,9,0
ProvidenciaExampleScenario.node[71].appl,1,9,0
ProvidenciaExampleScenario.node[212].appl,1,0,0
ProvidenciaExampleScenario.node[109].appl,1,1,0
ProvidenciaExampleScenario.node[168].appl,1,2,0
ProvidenciaExampleScenario.node[179].appl,1,4,0
ProvidenciaExampleScenario.node[118].appl,1,6,0
ProvidenciaExampleScenario.node[160].appl,1,1,0
ProvidenciaExampleScenario.node[159].appl,1,6,0
ProvidenciaExampleScenario.node[161].appl,1,5,0
ProvidenciaExampleScenario.node[62].appl,1,25,0
ProvidenciaExampleScenario.node[117].appl,1,13,0
ProvidenciaExampleScenario.node[89].appl,1,11,0
ProvidenciaExampleScenario.node[185].appl,1,9,0
ProvidenciaExampleScenario.node[80].appl,1,23,0
ProvidenciaExampleScenario.node[144].appl,1,19,0
ProvidenciaExampleScenario.node[150].appl,1,3,0
ProvidenciaExampleScenario.node[125].appl,1,14,0
ProvidenciaExampleScenario.node[187].appl,1,2,0
ProvidenciaExampleScenario.node[217].appl,1,0,0
ProvidenciaExampleScenario.node[123].appl,1,10,0
ProvidenciaExampleScenario.node[190].appl,1,2,0
ProvidenciaExampleScenario.node[178].appl,1,0,0
ProvidenciaExampleScenario.node[114].appl,1,0,0
ProvidenciaExampleScenario.node[69].appl,1,0,0
ProvidenciaExampleScenario.node[68].appl,1,31,0
ProvidenciaExampleScenario.node[180].appl,1,0,0
ProvidenciaExampleScenario.node[93].appl,1,30,0
ProvidenciaExampleScenario.node[194].appl,1,0,0
ProvidenciaExampleScenario.node[171].appl,1,20,0
ProvidenciaExampleScenario.node[206].appl,1,9,0
ProvidenciaExampleScenario.node[101].appl,1,29,0
ProvidenciaExampleScenario.node[246].appl,1,2,0
ProvidenciaExampleScenario.node[203].appl,1,0,0
ProvidenciaExampleScenario.node[133].appl,1,25,0
ProvidenciaExampleScenario.node[172].appl,1,21,0
ProvidenciaExampleScenario.node[243].appl,1,0,0
ProvidenciaExampleScenario.node[77].appl,1,8,0
ProvidenciaExampleScenario.node[146].appl,1,8,0
ProvidenciaExampleScenario.node[10].appl,1,32,0
ProvidenciaExampleScenario.node[39].appl,1,33,0
ProvidenciaExampleScenario.node[63].appl,1,14,0
ProvidenciaExampleScenario.node[198].appl,1,17,0
ProvidenciaExampleScenario.node[120].appl,1,13,0
ProvidenciaExampleScenario.node[152].appl,1,1,0
ProvidenciaExampleScenario.node[129].appl,1,0,0
ProvidenciaExampleScenario.node[40].appl,1,0,0
ProvidenciaExampleScenario.node[38].appl,1,11,0
ProvidenciaExampleScenario.node[18].appl,1,27,0
ProvidenciaExampleScenario.node[262].appl,1,10,0
ProvidenciaExampleScenario.node[322].appl,1,2,0
ProvidenciaExampleScenario.node[258].appl,1,0,0
ProvidenciaExampleScenario.node[204].appl,1,2,0
ProvidenciaExampleScenario.node[308].appl,1,4,0
ProvidenciaExampleScenario.node[32].appl,1,0,0
ProvidenciaExampleScenario.node[132].appl,1,18,0
ProvidenciaExampleScenario.node[248].appl,1,3,0
ProvidenciaExampleScenario.node[29].appl,1,36,0
ProvidenciaExampleScenario.node[220].appl,1,2,0
ProvidenciaExampleScenario.node[138].appl,1,18,0
ProvidenciaExampleScenario.node[300].appl,1,0,0
ProvidenciaExampleScenario.node[265].appl,1,0,0
ProvidenciaExampleScenario.node[44].appl,1,28,0
ProvidenciaExampleScenario.node[158].appl,1,20,0
ProvidenciaExampleScenario.node[127].appl,1,15,0
ProvidenciaExampleScenario.node[55].appl,1,17,0
ProvidenciaExampleScenario.node[287].appl,1,3,0
ProvidenciaExampleScenario.node[229].appl,1,2,0
ProvidenciaExampleScenario.node[200].appl,1,2,0
ProvidenciaExampleScenario.node[215].appl,1,2,0
ProvidenciaExampleScenario.node[94].appl,1,23,0
ProvidenciaExampleScenario.node[135].appl,1,7,0
ProvidenciaExampleScenario.node[282].appl,1,0,0
ProvidenciaExampleScenario.node[218].appl,1,3,0
ProvidenciaExampleScenario.node[266].appl,1,3,0
ProvidenciaExampleScenario.node[219].appl,1,13,0
ProvidenciaExampleScenario.node[256].appl,1,3,0
ProvidenciaExampleScenario.node[252].appl,1,3,0
ProvidenciaExampleScenario.node[197].appl,1,20,0
ProvidenciaExampleScenario.node[273].appl,1,3,0
ProvidenciaExampleScenario.node[202].appl,1,23,0
ProvidenciaExampleScenario.node[263].appl,1,3,0
ProvidenciaExampleScenario.node[272].appl,1,14,0
ProvidenciaExampleScenario.node[181].appl,1,26,0
ProvidenciaExampleScenario.node[244].appl,1,7,0
ProvidenciaExampleScenario.node[279].appl,1,3,0
ProvidenciaExampleScenario.node[148].appl,1,24,0
ProvidenciaExampleScenario.node[355].appl,1,2,0
ProvidenciaExampleScenario.node[261].appl,1,8,0
ProvidenciaExampleScenario.node[192].appl,1,18,0
ProvidenciaExampleScenario.node[176].appl,1,21,0
ProvidenciaExampleScenario.node[254].appl,1,8,0
ProvidenciaExampleScenario.node[191].appl,1,18,0
ProvidenciaExampleScenario.node[201].appl,1,17,0
ProvidenciaExampleScenario.node[317].appl,1,2,0
ProvidenciaExampleScenario.node[278].appl,1,1,0
ProvidenciaExampleScenario.node[208].appl,1,17,0
ProvidenciaExampleScenario.node[295].appl,1,0,0
ProvidenciaExampleScenario.node[121].appl,1,10,0
ProvidenciaExampleScenario.node[320].appl,1,3,0
ProvidenciaExampleScenario.node[162].appl,1,0,0
ProvidenciaExampleScenario.node[91].appl,1,31,0
ProvidenciaExampleScenario.node[245].appl,1,2,0
ProvidenciaExampleScenario.node[285].appl,1,0,0
ProvidenciaExampleScenario.node[326].appl,1,3,0
ProvidenciaExampleScenario.node[277].appl,1,0,0
ProvidenciaExampleScenario.node[291].appl,1,16,0
ProvidenciaExampleScenario.node[334].appl,1,2,0
ProvidenciaExampleScenario.node[226].appl,1,18,0
ProvidenciaExampleScenario.node[348].appl,1,0,0
ProvidenciaExampleScenario.node[223].appl,1,18,0
ProvidenciaExampleScenario.node[339].appl,1,2,0
ProvidenciaExampleScenario.node[330].appl,1,11,0
ProvidenciaExampleScenario.node[209].appl,1,2,0
ProvidenciaExampleScenario.node[253].appl,1,18,0
ProvidenciaExampleScenario.node[269].appl,1,14,0
ProvidenciaExampleScenario.node[360].appl,1,7,0
ProvidenciaExampleScenario.node[241].appl,1,21,0
ProvidenciaExampleScenario.node[106].appl,1,28,0
ProvidenciaExampleScenario.node[352].appl,1,3,0
ProvidenciaExampleScenario.node[122].appl,1,30,0
ProvidenciaExampleScenario.node[292].appl,1,1,0
ProvidenciaExampleScenario.node[225].appl,1,0,0
ProvidenciaExampleScenario.node[301].appl,1,0,0
ProvidenciaExampleScenario.node[214].appl,1,0,0
ProvidenciaExampleScenario.node[189].appl,1,0,0
ProvidenciaExampleScenario.node[196].appl,1,0,0
ProvidenciaExampleScenario.node[104].appl,1,31,0
ProvidenciaExampleScenario.node[350].appl,1,0,0
ProvidenciaExampleScenario.node[310].appl,1,0,0
ProvidenciaExampleScenario.node[154].appl,1,36,0
ProvidenciaExampleScenario.node[312].appl,1,0,0
ProvidenciaExampleScenario.node[257].appl,1,9,0
ProvidenciaExampleScenario.node[260].appl,1,9,0
ProvidenciaExampleScenario.node[281].appl,1,14,0
ProvidenciaExampleScenario.node[36].appl,1,34,0
ProvidenciaExampleScenario.node[250].appl,1,9,0
ProvidenciaExampleScenario.node[271].appl,1,3,0
ProvidenciaExampleScenario.node[331].appl,1,0,0
ProvidenciaExampleScenario.node[268].appl,1,8,0
ProvidenciaExampleScenario.node[307].appl,1,3,0
ProvidenciaExampleScenario.node[319].appl,1,2,0
ProvidenciaExampleScenario.node[147].appl,1,26,0
ProvidenciaExampleScenario.node[316].appl,1,17,0
ProvidenciaExampleScenario.node[362].appl,1,2,0
ProvidenciaExampleScenario.node[224].appl,1,26,0
ProvidenciaExampleScenario.node[343].appl,1,0,0
ProvidenciaExampleScenario.node[264].appl,1,22,0
ProvidenciaExampleScenario.node[299].appl,1,13,0
ProvidenciaExampleScenario.node[124].appl,1,35,0
ProvidenciaExampleScenario.node[210].appl,1,13,0
ProvidenciaExampleScenario.node[327].appl,1,2,0
ProvidenciaExampleScenario.node[270].appl,1,21,0
ProvidenciaExampleScenario.node[242].appl,1,27,0
ProvidenciaExampleScenario.node[221].appl,1,22,0
ProvidenciaExampleScenario.node[302].appl,1,14,0
ProvidenciaExampleScenario.node[235].appl,1,0,0
ProvidenciaExampleScenario.node[255].appl,1,32,0
ProvidenciaExampleScenario.node[213].appl,1,38,0
ProvidenciaExampleScenario.node[296].appl,1,17,0
ProvidenciaExampleScenario.node[195].appl,1,40,0
ProvidenciaExampleScenario.node[240].appl,1,35,0
ProvidenciaExampleScenario.node[335].appl,1,11,0
ProvidenciaExampleScenario.node[57].appl,1,30,0
ProvidenciaExampleScenario.node[338].appl,1,2,0
ProvidenciaExampleScenario.node[289].appl,1,9,0
ProvidenciaExampleScenario.node[157].appl,1,26,0
ProvidenciaExampleScenario.node[283].appl,1,19,0
ProvidenciaExampleScenario.node[344].appl,1,1,0
ProvidenciaExampleScenario.node[369].appl,1,1,0
ProvidenciaExampleScenario.node[183].appl,1,0,0
ProvidenciaExampleScenario.node[85].appl,1,37,0
ProvidenciaExampleScenario.node[24].appl,1,0,0
ProvidenciaExampleScenario.node[384].appl,1,0,0
ProvidenciaExampleScenario.node[205].appl,1,0,0
ProvidenciaExampleScenario.node[401].appl,1,0,0
ProvidenciaExampleScenario.node[286].appl,1,11,0
ProvidenciaExampleScenario.node[349].appl,1,2,0
ProvidenciaExampleScenario.node[311].appl,1,18,0
ProvidenciaExampleScenario.node[298].appl,1,9,0
ProvidenciaExampleScenario.node[321].appl,1,0,0
ProvidenciaExampleScenario.node[325].appl,1,8,0
ProvidenciaExampleScenario.node[303].appl,1,18,0
ProvidenciaExampleScenario.node[136].appl,1,32,0
ProvidenciaExampleScenario.node[449].appl,1,6,0
ProvidenciaExampleScenario.node[409].appl,1,11,0
ProvidenciaExampleScenario.node[76].appl,1,38,0
ProvidenciaExampleScenario.node[234].appl,1,24,0
ProvidenciaExampleScenario.node[408].appl,1,0,0
ProvidenciaExampleScenario.node[267].appl,1,2,0
ProvidenciaExampleScenario.node[364].appl,1,2,0
ProvidenciaExampleScenario.node[227].appl,1,25,0
ProvidenciaExampleScenario.node[228].appl,1,19,0
ProvidenciaExampleScenario.node[7].appl,1,28,0
ProvidenciaExampleScenario.node[336].appl,1,1,0
ProvidenciaExampleScenario.node[341].appl,1,13,0
ProvidenciaExampleScenario.node[346].appl,1,12,0
ProvidenciaExampleScenario.node[142].appl,1,24,0
ProvidenciaExampleScenario.node[416].appl,1,0,0
ProvidenciaExampleScenario.node[354].appl,1,2,0
ProvidenciaExampleScenario.node[393].appl,1,5,0
ProvidenciaExampleScenario.node[440].appl,1,4,0
ProvidenciaExampleScenario.node[351].appl,1,0,0
ProvidenciaExampleScenario.node[164].appl,1,19,0
ProvidenciaExampleScenario.node[56].appl,1,53,0
ProvidenciaExampleScenario.node[290].appl,1,29,0
ProvidenciaExampleScenario.node[435].appl,1,11,0
ProvidenciaExampleScenario.node[288].appl,1,7,0
ProvidenciaExampleScenario.node[402].appl,1,2,0
ProvidenciaExampleScenario.node[259].appl,1,4,0
ProvidenciaExampleScenario.node[400].appl,1,3,0
ProvidenciaExampleScenario.node[294].appl,1,18,0
ProvidenciaExampleScenario.node[406].appl,1,3,0
ProvidenciaExampleScenario.node[432].appl,1,3,0
ProvidenciaExampleScenario.node[426].appl,1,3,0
ProvidenciaExampleScenario.node[375].appl,1,15,0
ProvidenciaExampleScenario.node[98].appl,1,31,0
ProvidenciaExampleScenario.node[441].appl,1,3,0
ProvidenciaExampleScenario.node[83].appl,1,32,0
ProvidenciaExampleScenario.node[414].appl,1,3,0
ProvidenciaExampleScenario.node[363].appl,1,24,0
ProvidenciaExampleScenario.node[399].appl,1,18,0
ProvidenciaExampleScenario.node[119].appl,1,30,0
ProvidenciaExampleScenario.node[451].appl,1,3,0
ProvidenciaExampleScenario.node[457].appl,1,3,0
ProvidenciaExampleScenario.node[163].appl,1,32,0
ProvidenciaExampleScenario.node[90].appl,1,33,0
ProvidenciaExampleScenario.node[323].appl,1,24,0
ProvidenciaExampleScenario.node[465].appl,1,2,0
ProvidenciaExampleScenario.node[367].appl,1,17,0
ProvidenciaExampleScenario.node[188].appl,1,21,0
ProvidenciaExampleScenario.node[459].appl,1,3,0
ProvidenciaExampleScenario.node[466].appl,1,0,0
ProvidenciaExampleScenario.node[359].appl,1,18,0
ProvidenciaExampleScenario.node[274].appl,1,32,0
ProvidenciaExampleScenario.node[345].appl,1,2,0
ProvidenciaExampleScenario.node[280].appl,1,31,0
ProvidenciaExampleScenario.node[374].appl,1,17,0
ProvidenciaExampleScenario.node[467].appl,1,3,0
ProvidenciaExampleScenario.node[333].appl,1,25,0
ProvidenciaExampleScenario.node[439].appl,1,11,0
ProvidenciaExampleScenario.node[469].appl,1,3,0
ProvidenciaExampleScenario.node[413].appl,1,0,0
ProvidenciaExampleScenario.node[394].appl,1,2,0
ProvidenciaExampleScenario.node[450].appl,1,10,0
ProvidenciaExampleScenario.node[485].appl,1,2,0
ProvidenciaExampleScenario.node[411].appl,1,0,0
ProvidenciaExampleScenario.node[356].appl,1,0,0
ProvidenciaExampleScenario.node[276].appl,1,30,0
ProvidenciaExampleScenario.node[305].appl,1,0,0
ProvidenciaExampleScenario.node[309].appl,1,0,0
ProvidenciaExampleScenario.node[483].appl,1,7,0
ProvidenciaExampleScenario.node[491].appl,1,2,0
ProvidenciaExampleScenario.node[494].appl,1,3,0
ProvidenciaExampleScenario.node[460].appl,1,0,0
ProvidenciaExampleScenario.node[427].appl,1,0,0
ProvidenciaExampleScenario.node[415].appl,1,0,0
ProvidenciaExampleScenario.node[452].appl,1,15,0
ProvidenciaExampleScenario.node[438].appl,1,0,0
ProvidenciaExampleScenario.node[231].appl,1,31,0
ProvidenciaExampleScenario.node[431].appl,1,3,0
ProvidenciaExampleScenario.node[392].appl,1,0,0
ProvidenciaExampleScenario.node[455].appl,1,14,0
ProvidenciaExampleScenario.node[456].appl,1,0,0
ProvidenciaExampleScenario.node[502].appl,1,10,0
ProvidenciaExampleScenario.node[501].appl,1,0,0
ProvidenciaExampleScenario.node[216].appl,1,21,0
ProvidenciaExampleScenario.node[434].appl,1,18,0
ProvidenciaExampleScenario.node[490].appl,1,0,0
ProvidenciaExampleScenario.node[141].appl,1,21,0
ProvidenciaExampleScenario.node[504].appl,1,12,0
ProvidenciaExampleScenario.node[506].appl,1,7,0
ProvidenciaExampleScenario.node[445].appl,1,2,0
ProvidenciaExampleScenario.node[464].appl,1,9,0
ProvidenciaExampleScenario.node[521].appl,1,2,0
ProvidenciaExampleScenario.node[442].appl,1,1,0
ProvidenciaExampleScenario.node[149].appl,1,46,0
ProvidenciaExampleScenario.node[236].appl,1,22,0
ProvidenciaExampleScenario.node[373].appl,1,16,0
ProvidenciaExampleScenario.node[337].appl,1,1,0
ProvidenciaExampleScenario.node[389].appl,1,26,0
ProvidenciaExampleScenario.node[556].appl,1,6,0
ProvidenciaExampleScenario.node[293].appl,1,24,0
ProvidenciaExampleScenario.node[387].appl,1,23,0
ProvidenciaExampleScenario.node[405].appl,1,0,0
ProvidenciaExampleScenario.node[382].appl,1,24,0
ProvidenciaExampleScenario.node[186].appl,1,20,0
ProvidenciaExampleScenario.node[428].appl,1,0,0
ProvidenciaExampleScenario.node[385].appl,1,10,0
ProvidenciaExampleScenario.node[422].appl,1,16,0
ProvidenciaExampleScenario.node[486].appl,1,9,0
ProvidenciaExampleScenario.node[429].appl,1,9,0
ProvidenciaExampleScenario.node[397].appl,1,1,0
ProvidenciaExampleScenario.node[376].appl,1,16,0
ProvidenciaExampleScenario.node[275].appl,1,33,0
ProvidenciaExampleScenario.node[398].appl,1,2,0
ProvidenciaExampleScenario.node[492].appl,1,8,0
ProvidenciaExampleScenario.node[522].appl,1,8,0
ProvidenciaExampleScenario.node[437].appl,1,10,0
ProvidenciaExampleScenario.node[444].appl,1,9,0
ProvidenciaExampleScenario.node[462].appl,1,8,0
ProvidenciaExampleScenario.node[436].appl,1,0,0
ProvidenciaExampleScenario.node[81].appl,1,44,0
ProvidenciaExampleScenario.node[140].appl,1,41,0
ProvidenciaExampleScenario.node[249].appl,1,38,0
ProvidenciaExampleScenario.node[108].appl,1,44,0
ProvidenciaExampleScenario.node[177].appl,1,50,0
ProvidenciaExampleScenario.node[126].appl,1,48,0
ProvidenciaExampleScenario.node[211].appl,1,46,0
ProvidenciaExampleScenario.node[479].appl,1,17,0
ProvidenciaExampleScenario.node[247].appl,1,37,0
ProvidenciaExampleScenario.node[509].appl,1,2,0
ProvidenciaExampleScenario.node[418].appl,1,23,0
ProvidenciaExampleScenario.node[515].appl,1,3,0
ProvidenciaExampleScenario.node[368].appl,1,33,0
ProvidenciaExampleScenario.node[407].appl,1,21,0
ProvidenciaExampleScenario.node[461].appl,1,11,0
ProvidenciaExampleScenario.node[297].appl,1,27,0
ProvidenciaExampleScenario.node[361].appl,1,22,0
ProvidenciaExampleScenario.node[72].appl,1,47,0
ProvidenciaExampleScenario.node[424].appl,1,14,0
ProvidenciaExampleScenario.node[304].appl,1,29,0
ProvidenciaExampleScenario.node[251].appl,1,28,0
ProvidenciaExampleScenario.node[86].appl,1,45,0
ProvidenciaExampleScenario.node[371].appl,1,16,0
ProvidenciaExampleScenario.node[381].appl,1,37,0
ProvidenciaExampleScenario.node[284].appl,1,34,0
ProvidenciaExampleScenario.node[365].appl,1,39,0
ProvidenciaExampleScenario.node[572].appl,1,3,0
ProvidenciaExampleScenario.node[347].appl,1,42,0
ProvidenciaExampleScenario.node[370].appl,1,38,0
ProvidenciaExampleScenario.node[552].appl,1,8,0
ProvidenciaExampleScenario.node[377].appl,1,37,0
ProvidenciaExampleScenario.node[318].appl,1,29,0
ProvidenciaExampleScenario.node[184].appl,1,43,0
ProvidenciaExampleScenario.node[453].appl,1,9,0
ProvidenciaExampleScenario.node[207].appl,1,56,0
ProvidenciaExampleScenario.node[417].appl,1,32,0
ProvidenciaExampleScenario.node[421].appl,1,17,0
ProvidenciaExampleScenario.node[199].appl,1,56,0
ProvidenciaExampleScenario.node[499].appl,1,16,0
ProvidenciaExampleScenario.node[599].appl,1,1,0
ProvidenciaExampleScenario.node[508].appl,1,22,0
ProvidenciaExampleScenario.node[577].appl,1,0,0
ProvidenciaExampleScenario.node[233].appl,1,29,0
ProvidenciaExampleScenario.node[366].appl,1,16,0
ProvidenciaExampleScenario.node[332].appl,1,16,0
ProvidenciaExampleScenario.node[557].appl,1,0,0
ProvidenciaExampleScenario.node[396].appl,1,11,0
ProvidenciaExampleScenario.node[410].appl,1,19,0
ProvidenciaExampleScenario.node[548].appl,1,17,0
ProvidenciaExampleScenario.node[419].appl,1,10,0
ProvidenciaExampleScenario.node[412].appl,1,30,0
ProvidenciaExampleScenario.node[558].appl,1,16,0
ProvidenciaExampleScenario.node[372].appl,1,9,0
ProvidenciaExampleScenario.node[600].appl,1,11,0
ProvidenciaExampleScenario.node[533].appl,1,0,0
ProvidenciaExampleScenario.node[488].appl,1,0,0
ProvidenciaExampleScenario.node[511].appl,1,1,0
ProvidenciaExampleScenario.node[536].appl,1,8,0
ProvidenciaExampleScenario.node[222].appl,1,28,0
ProvidenciaExampleScenario.node[569].appl,1,0,0
ProvidenciaExampleScenario.node[420].appl,1,0,0
ProvidenciaExampleScenario.node[543].appl,1,0,0
ProvidenciaExampleScenario.node[170].appl,1,29,0
ProvidenciaExampleScenario.node[306].appl,1,22,0
ProvidenciaExampleScenario.node[534].appl,1,0,0
ProvidenciaExampleScenario.node[388].appl,1,29,0
ProvidenciaExampleScenario.node[386].appl,1,20,0
ProvidenciaExampleScenario.node[383].appl,1,40,0
ProvidenciaExampleScenario.node[443].appl,1,18,0
ProvidenciaExampleScenario.node[403].appl,1,24,0
ProvidenciaExampleScenario.node[598].appl,1,0,0
ProvidenciaExampleScenario.node[324].appl,1,26,0
ProvidenciaExampleScenario.node[532].appl,1,17,0
ProvidenciaExampleScenario.node[529].appl,1,3,0
ProvidenciaExampleScenario.node[358].appl,1,12,0
ProvidenciaExampleScenario.node[495].appl,1,2,0
ProvidenciaExampleScenario.node[528].appl,1,2,0
ProvidenciaExampleScenario.node[595].appl,1,3,0
ProvidenciaExampleScenario.node[605].appl,1,3,0
ProvidenciaExampleScenario.node[555].appl,1,3,0
ProvidenciaExampleScenario.node[587].appl,1,3,0
ProvidenciaExampleScenario.node[512].appl,1,14,0
ProvidenciaExampleScenario.node[500].appl,1,0,0
ProvidenciaExampleScenario.node[531].appl,1,19,0
ProvidenciaExampleScenario.node[608].appl,1,3,0
ProvidenciaExampleScenario.node[584].appl,1,17,0
ProvidenciaExampleScenario.node[520].appl,1,26,0
ProvidenciaExampleScenario.node[517].appl,1,3,0
ProvidenciaExampleScenario.node[623].appl,1,3,0
ProvidenciaExampleScenario.node[674].appl,1,4,0
ProvidenciaExampleScenario.node[484].appl,1,25,0
ProvidenciaExampleScenario.node[562].appl,1,21,0
ProvidenciaExampleScenario.node[573].appl,1,20,0
ProvidenciaExampleScenario.node[518].appl,1,20,0
ProvidenciaExampleScenario.node[612].appl,1,13,0
ProvidenciaExampleScenario.node[567].appl,1,0,0
ProvidenciaExampleScenario.node[546].appl,1,16,0
ProvidenciaExampleScenario.node[632].appl,1,3,0
ProvidenciaExampleScenario.node[477].appl,1,0,0
ProvidenciaExampleScenario.node[497].appl,1,23,0
ProvidenciaExampleScenario.node[625].appl,1,4,0
ProvidenciaExampleScenario.node[544].appl,1,17,0
ProvidenciaExampleScenario.node[645].appl,1,3,0
ProvidenciaExampleScenario.node[626].appl,1,0,0
ProvidenciaExampleScenario.node[619].appl,1,9,0
ProvidenciaExampleScenario.node[510].appl,1,22,0
ProvidenciaExampleScenario.node[620].appl,1,8,0
ProvidenciaExampleScenario.node[237].appl,1,29,0
ProvidenciaExampleScenario.node[568].appl,1,22,0
ProvidenciaExampleScenario.node[602].appl,1,17,0
ProvidenciaExampleScenario.node[634].appl,1,13,0
ProvidenciaExampleScenario.node[582].appl,1,22,0
ProvidenciaExampleScenario.node[314].appl,1,25,0
ProvidenciaExampleScenario.node[576].appl,1,23,0
ProvidenciaExampleScenario.node[663].appl,1,3,0
ProvidenciaExampleScenario.node[578].appl,1,22,0
ProvidenciaExampleScenario.node[496].appl,1,29,0
ProvidenciaExampleScenario.node[395].appl,1,35,0
ProvidenciaExampleScenario.node[615].appl,1,16,0
ProvidenciaExampleScenario.node[661].appl,1,7,0
ProvidenciaExampleScenario.node[673].appl,1,3,0
ProvidenciaExampleScenario.node[678].appl,1,2,0
ProvidenciaExampleScenario.node[614].appl,1,1,0
ProvidenciaExampleScenario.node[670].appl,1,7,0
ProvidenciaExampleScenario.node[610].appl,1,13,0
ProvidenciaExampleScenario.node[611].appl,1,13,0
ProvidenciaExampleScenario.node[682].appl,1,7,0
ProvidenciaExampleScenario.node[563].appl,1,21,0
ProvidenciaExampleScenario.node[671].appl,1,0,0
ProvidenciaExampleScenario.node[524].appl,1,23,0
ProvidenciaExampleScenario.node[695].appl,1,7,0
ProvidenciaExampleScenario.node[468].appl,1,24,0
ProvidenciaExampleScenario.node[596].appl,1,0,0
ProvidenciaExampleScenario.node[378].appl,1,38,0
ProvidenciaExampleScenario.node[603].appl,1,0,0
ProvidenciaExampleScenario.node[613].appl,1,0,0
ProvidenciaExampleScenario.node[683].appl,1,9,0
ProvidenciaExampleScenario.node[553].appl,1,9,0
ProvidenciaExampleScenario.node[561].appl,1,8,0
ProvidenciaExampleScenario.node[679].appl,1,0,0
ProvidenciaExampleScenario.node[404].appl,1,16,0
ProvidenciaExampleScenario.node[541].appl,1,9,0
ProvidenciaExampleScenario.node[166].appl,1,51,0
ProvidenciaExampleScenario.node[550].appl,1,17,0
ProvidenciaExampleScenario.node[622].appl,1,2,0
ProvidenciaExampleScenario.node[597].appl,1,8,0
ProvidenciaExampleScenario.node[627].appl,1,0,0
ProvidenciaExampleScenario.node[743].appl,1,0,0
ProvidenciaExampleScenario.node[629].appl,1,3,0
ProvidenciaExampleScenario.node[329].appl,1,42,0
ProvidenciaExampleScenario.node[594].appl,1,6,0
ProvidenciaExampleScenario.node[639].appl,1,5,0
ProvidenciaExampleScenario.node[537].appl,1,0,0
ProvidenciaExampleScenario.node[193].appl,1,47,0
ProvidenciaExampleScenario.node[675].appl,1,10,0
ProvidenciaExampleScenario.node[571].appl,1,12,0
ProvidenciaExampleScenario.node[651].appl,1,17,0
ProvidenciaExampleScenario.node[690].appl,1,9,0
ProvidenciaExampleScenario.node[575].appl,1,25,0
ProvidenciaExampleScenario.node[526].appl,1,27,0
ProvidenciaExampleScenario.node[652].appl,1,14,0
ProvidenciaExampleScenario.node[547].appl,1,25,0
ProvidenciaExampleScenario.node[655].appl,1,2,0
ProvidenciaExampleScenario.node[588].appl,1,14,0
ProvidenciaExampleScenario.node[669].appl,1,2,0
ProvidenciaExampleScenario.node[643].appl,1,1,0
ProvidenciaExampleScenario.node[684].appl,1,3,0
ProvidenciaExampleScenario.node[423].appl,1,34,0
ProvidenciaExampleScenario.node[513].appl,1,16,0
ProvidenciaExampleScenario.node[489].appl,1,24,0
ProvidenciaExampleScenario.node[633].appl,1,6,0
ProvidenciaExampleScenario.node[659].appl,1,0,0
ProvidenciaExampleScenario.node[693].appl,1,0,0
ProvidenciaExampleScenario.node[238].appl,1,35,0
ProvidenciaExampleScenario.node[694].appl,1,1,0
ProvidenciaExampleScenario.node[549].appl,1,0,0
ProvidenciaExampleScenario.node[328].appl,1,29,0
ProvidenciaExampleScenario.node[570].appl,1,34,0
ProvidenciaExampleScenario.node[379].appl,1,0,0
ProvidenciaExampleScenario.node[560].appl,1,7,0
ProvidenciaExampleScenario.node[463].appl,1,22,0
ProvidenciaExampleScenario.node[540].appl,1,38,0
ProvidenciaExampleScenario.node[340].appl,1,0,0
ProvidenciaExampleScenario.node[583].appl,1,33,0
ProvidenciaExampleScenario.node[353].appl,1,0,0
ProvidenciaExampleScenario.node[530].appl,1,39,0
ProvidenciaExampleScenario.node[564].appl,1,35,0
ProvidenciaExampleScenario.node[545].appl,1,9,0
ProvidenciaExampleScenario.node[662].appl,1,0,0
ProvidenciaExampleScenario.node[493].appl,1,20,0
ProvidenciaExampleScenario.node[357].appl,1,44,0
ProvidenciaExampleScenario.node[716].appl,1,0,0
ProvidenciaExampleScenario.node[640].appl,1,11,0
ProvidenciaExampleScenario.node[342].appl,1,48,0
ProvidenciaExampleScenario.node[725].appl,1,0,0
ProvidenciaExampleScenario.node[666].appl,1,22,0
ProvidenciaExampleScenario.node[239].appl,1,47,0
ProvidenciaExampleScenario.node[630].appl,1,8,0
ProvidenciaExampleScenario.node[681].appl,1,21,0
ProvidenciaExampleScenario.node[581].appl,1,36,0
ProvidenciaExampleScenario.node[664].appl,1,24,0
ProvidenciaExampleScenario.node[507].appl,1,24,0
ProvidenciaExampleScenario.node[591].appl,1,17,0
ProvidenciaExampleScenario.node[653].appl,1,9,0
ProvidenciaExampleScenario.node[685].appl,1,21,0
ProvidenciaExampleScenario.node[676].appl,1,9,0
ProvidenciaExampleScenario.node[654].appl,1,0,0
ProvidenciaExampleScenario.node[792].appl,1,0,0
ProvidenciaExampleScenario.node[658].appl,1,0,0
ProvidenciaExampleScenario.node[720].appl,1,16,0
ProvidenciaExampleScenario.node[519].appl,1,16,0
ProvidenciaExampleScenario.node[699].appl,1,9,0
ProvidenciaExampleScenario.node[391].appl,1,26,0
ProvidenciaExampleScenario.node[559].appl,1,32,0
ProvidenciaExampleScenario.node[609].appl,1,11,0
ProvidenciaExampleScenario.node[601].appl,1,34,0
ProvidenciaExampleScenario.node[505].appl,1,27,0
ProvidenciaExampleScenario.node[705].appl,1,0,0
ProvidenciaExampleScenario.node[476].appl,1,25,0
ProvidenciaExampleScenario.node[771].appl,1,11,0
ProvidenciaExampleScenario.node[677].appl,1,12,0
ProvidenciaExampleScenario.node[757].appl,1,4,0
ProvidenciaExampleScenario.node[828].appl,1,4,0
ProvidenciaExampleScenario.node[724].appl,1,2,0
ProvidenciaExampleScenario.node[647].appl,1,16,0
ProvidenciaExampleScenario.node[538].appl,1,19,0
ProvidenciaExampleScenario.node[430].appl,1,27,0
ProvidenciaExampleScenario.node[755].appl,1,0,0
ProvidenciaExampleScenario.node[704].appl,1,10,0
ProvidenciaExampleScenario.node[807].appl,1,0,0
ProvidenciaExampleScenario.node[748].appl,1,17,0
ProvidenciaExampleScenario.node[793].appl,1,4,0
ProvidenciaExampleScenario.node[585].appl,1,20,0
ProvidenciaExampleScenario.node[776].appl,1,0,0
ProvidenciaExampleScenario.node[777].appl,1,0,0
ProvidenciaExampleScenario.node[454].appl,1,33,0
ProvidenciaExampleScenario.node[840].appl,1,5,0
ProvidenciaExampleScenario.node[498].appl,1,32,0
ProvidenciaExampleScenario.node[448].appl,1,34,0
ProvidenciaExampleScenario.node[589].appl,1,21,0
ProvidenciaExampleScenario.node[730].appl,1,0,0
ProvidenciaExampleScenario.node[539].appl,1,36,0
ProvidenciaExampleScenario.node[710].appl,1,2,0
ProvidenciaExampleScenario.node[703].appl,1,2,0
ProvidenciaExampleScenario.node[624].appl,1,12,0
ProvidenciaExampleScenario.node[580].appl,1,11,0
ProvidenciaExampleScenario.node[487].appl,1,33,0
ProvidenciaExampleScenario.node[799].appl,1,0,0
ProvidenciaExampleScenario.node[616].appl,1,13,0
ProvidenciaExampleScenario.node[715].appl,1,3,0
ProvidenciaExampleScenario.node[631].appl,1,4,0
ProvidenciaExampleScenario.node[772].appl,1,3,0
ProvidenciaExampleScenario.node[758].appl,1,3,0
ProvidenciaExampleScenario.node[688].appl,1,27,0
ProvidenciaExampleScenario.node[728].appl,1,20,0
ProvidenciaExampleScenario.node[554].appl,1,23,0
ProvidenciaExampleScenario.node[723].appl,1,3,0
ProvidenciaExampleScenario.node[700].appl,1,14,0
ProvidenciaExampleScenario.node[775].appl,1,4,0
ProvidenciaExampleScenario.node[858].appl,1,5,0
ProvidenciaExampleScenario.node[763].appl,1,3,0
ProvidenciaExampleScenario.node[749].appl,1,4,0
ProvidenciaExampleScenario.node[814].appl,1,3,0
ProvidenciaExampleScenario.node[773].appl,1,3,0
ProvidenciaExampleScenario.node[697].appl,1,20,0
ProvidenciaExampleScenario.node[636].appl,1,27,0
ProvidenciaExampleScenario.node[618].appl,1,13,0
ProvidenciaExampleScenario.node[726].appl,1,19,0
ProvidenciaExampleScenario.node[153].appl,1,48,0
ProvidenciaExampleScenario.node[586].appl,1,17,0
ProvidenciaExampleScenario.node[111].appl,1,49,0
ProvidenciaExampleScenario.node[884].appl,1,3,0
ProvidenciaExampleScenario.node[593].appl,1,22,0
ProvidenciaExampleScenario.node[701].appl,1,27,0
ProvidenciaExampleScenario.node[579].appl,1,22,0
ProvidenciaExampleScenario.node[849].appl,1,8,0
ProvidenciaExampleScenario.node[525].appl,1,52,0
ProvidenciaExampleScenario.node[752].appl,1,22,0
ProvidenciaExampleScenario.node[660].appl,1,34,0
ProvidenciaExampleScenario.node[232].appl,1,54,0
ProvidenciaExampleScenario.node[852].appl,1,3,0
ProvidenciaExampleScenario.node[850].appl,1,2,0
ProvidenciaExampleScenario.node[770].appl,1,21,0
ProvidenciaExampleScenario.node[732].appl,1,17,0
ProvidenciaExampleScenario.node[857].appl,1,2,0
ProvidenciaExampleScenario.node[230].appl,1,69,0
ProvidenciaExampleScenario.node[390].appl,1,44,0
ProvidenciaExampleScenario.node[861].appl,1,2,0
ProvidenciaExampleScenario.node[859].appl,1,2,0
ProvidenciaExampleScenario.node[796].appl,1,0,0
ProvidenciaExampleScenario.node[867].appl,1,2,0
ProvidenciaExampleScenario.node[910].appl,1,2,0
ProvidenciaExampleScenario.node[750].appl,1,18,0
ProvidenciaExampleScenario.node[766].appl,1,16,0
ProvidenciaExampleScenario.node[869].appl,1,2,0
ProvidenciaExampleScenario.node[804].appl,1,12,0
ProvidenciaExampleScenario.node[698].appl,1,0,0
ProvidenciaExampleScenario.node[689].appl,1,15,0
ProvidenciaExampleScenario.node[604].appl,1,33,0
ProvidenciaExampleScenario.node[687].appl,1,24,0
ProvidenciaExampleScenario.node[656].appl,1,33,0
ProvidenciaExampleScenario.node[425].appl,1,49,0
ProvidenciaExampleScenario.node[708].appl,1,0,0
ProvidenciaExampleScenario.node[784].appl,1,0,0
ProvidenciaExampleScenario.node[712].appl,1,22,0
ProvidenciaExampleScenario.node[617].appl,1,25,0
ProvidenciaExampleScenario.node[458].appl,1,29,0
ProvidenciaExampleScenario.node[638].appl,1,9,0
ProvidenciaExampleScenario.node[447].appl,1,29,0
ProvidenciaExampleScenario.node[801].appl,1,16,0
ProvidenciaExampleScenario.node[729].appl,1,9,0
ProvidenciaExampleScenario.node[753].appl,1,9,0
ProvidenciaExampleScenario.node[813].appl,1,12,0
ProvidenciaExampleScenario.node[851].appl,1,11,0
ProvidenciaExampleScenario.node[446].appl,1,42,0
ProvidenciaExampleScenario.node[380].appl,1,51,0
ProvidenciaExampleScenario.node[791].appl,1,8,0
ProvidenciaExampleScenario.node[722].appl,1,2,0
ProvidenciaExampleScenario.node[812].appl,1,6,0
ProvidenciaExampleScenario.node[795].appl,1,11,0
ProvidenciaExampleScenario.node[535].appl,1,22,0
ProvidenciaExampleScenario.node[762].appl,1,3,0
ProvidenciaExampleScenario.node[862].appl,1,6,0
ProvidenciaExampleScenario.node[764].appl,1,3,0
ProvidenciaExampleScenario.node[855].appl,1,2,0
ProvidenciaExampleScenario.node[592].appl,1,24,0
ProvidenciaExampleScenario.node[696].appl,1,15,0
ProvidenciaExampleScenario.node[879].appl,1,2,0
ProvidenciaExampleScenario.node[872].appl,1,0,0
ProvidenciaExampleScenario.node[798].appl,1,17,0
ProvidenciaExampleScenario.node[745].appl,1,14,0
ProvidenciaExampleScenario.node[836].appl,1,17,0
ProvidenciaExampleScenario.node[885].appl,1,0,0
ProvidenciaExampleScenario.node[810].appl,1,0,0
ProvidenciaExampleScenario.node[717].appl,1,17,0
ProvidenciaExampleScenario.node[809].appl,1,0,0
ProvidenciaExampleScenario.node[738].appl,1,0,0
ProvidenciaExampleScenario.node[782].appl,1,14,0
ProvidenciaExampleScenario.node[848].appl,1,3,0
ProvidenciaExampleScenario.node[790].appl,1,21,0
ProvidenciaExampleScenario.node[835].appl,1,19,0
ProvidenciaExampleScenario.node[891].appl,1,0,0
ProvidenciaExampleScenario.node[863].appl,1,3,0
ProvidenciaExampleScenario.node[516].appl,1,45,0
ProvidenciaExampleScenario.node[644].appl,1,0,0
ProvidenciaExampleScenario.node[719].appl,1,35,0
ProvidenciaExampleScenario.node[566].appl,1,34,0
ProvidenciaExampleScenario.node[811].appl,1,1,0
ProvidenciaExampleScenario.node[523].appl,1,44,0
ProvidenciaExampleScenario.node[621].appl,1,28,0
ProvidenciaExampleScenario.node[829].appl,1,15,0
ProvidenciaExampleScenario.node[818].appl,1,14,0
ProvidenciaExampleScenario.node[909].appl,1,2,0
ProvidenciaExampleScenario.node[897].appl,1,0,0
ProvidenciaExampleScenario.node[899].appl,1,1,0
ProvidenciaExampleScenario.node[709].appl,1,39,0
ProvidenciaExampleScenario.node[628].appl,1,32,0
ProvidenciaExampleScenario.node[473].appl,1,25,0
ProvidenciaExampleScenario.node[718].appl,1,37,0
ProvidenciaExampleScenario.node[788].appl,1,29,0
ProvidenciaExampleScenario.node[820].appl,1,26,0
ProvidenciaExampleScenario.node[727].appl,1,31,0
ProvidenciaExampleScenario.node[975].appl,1,2,0
ProvidenciaExampleScenario.node[831].appl,1,9,0
ProvidenciaExampleScenario.node[475].appl,1,28,0
ProvidenciaExampleScenario.node[927].appl,1,3,0
ProvidenciaExampleScenario.node[503].appl,1,36,0
ProvidenciaExampleScenario.node[815].appl,1,21,0
ProvidenciaExampleScenario.node[731].appl,1,38,0
ProvidenciaExampleScenario.node[774].appl,1,33,0
ProvidenciaExampleScenario.node[802].appl,1,30,0
ProvidenciaExampleScenario.node[565].appl,1,29,0
ProvidenciaExampleScenario.node[845].appl,1,0,0
ProvidenciaExampleScenario.node[930].appl,1,0,0
ProvidenciaExampleScenario.node[481].appl,1,43,0
ProvidenciaExampleScenario.node[711].appl,1,16,0
ProvidenciaExampleScenario.node[821].appl,1,10,0
ProvidenciaExampleScenario.node[894].appl,1,17,0
ProvidenciaExampleScenario.node[827].appl,1,27,0
ProvidenciaExampleScenario.node[769].appl,1,11,0
ProvidenciaExampleScenario.node[900].appl,1,16,0
ProvidenciaExampleScenario.node[691].appl,1,27,0
ProvidenciaExampleScenario.node[970].appl,1,4,0
ProvidenciaExampleScenario.node[713].appl,1,37,0
ProvidenciaExampleScenario.node[606].appl,1,27,0
ProvidenciaExampleScenario.node[965].appl,1,6,0
ProvidenciaExampleScenario.node[551].appl,1,40,0
ProvidenciaExampleScenario.node[874].appl,1,0,0
ProvidenciaExampleScenario.node[797].appl,1,2,0
ProvidenciaExampleScenario.node[737].appl,1,26,0
ProvidenciaExampleScenario.node[649].appl,1,21,0
ProvidenciaExampleScenario.node[747].appl,1,18,0
ProvidenciaExampleScenario.node[751].appl,1,25,0
ProvidenciaExampleScenario.node[825].appl,1,18,0
ProvidenciaExampleScenario.node[917].appl,1,4,0
ProvidenciaExampleScenario.node[783].appl,1,14,0
ProvidenciaExampleScenario.node[928].appl,1,4,0
ProvidenciaExampleScenario.node[847].appl,1,2,0
ProvidenciaExampleScenario.node[527].appl,1,41,0
ProvidenciaExampleScenario.node[754].appl,1,18,0
ProvidenciaExampleScenario.node[514].appl,1,51,0
ProvidenciaExampleScenario.node[853].appl,1,6,0
ProvidenciaExampleScenario.node[890].appl,1,0,0
ProvidenciaExampleScenario.node[915].appl,1,0,0
ProvidenciaExampleScenario.node[759].appl,1,17,0
ProvidenciaExampleScenario.node[854].appl,1,6,0
ProvidenciaExampleScenario.node[877].appl,1,2,0
ProvidenciaExampleScenario.node[908].appl,1,0,0
ProvidenciaExampleScenario.node[948].appl,1,2,0
ProvidenciaExampleScenario.node[672].appl,1,42,0
ProvidenciaExampleScenario.node[955].appl,1,4,0
ProvidenciaExampleScenario.node[734].appl,1,28,0
ProvidenciaExampleScenario.node[761].appl,1,29,0
ProvidenciaExampleScenario.node[893].appl,1,2,0
ProvidenciaExampleScenario.node[883].appl,1,3,0
ProvidenciaExampleScenario.node[646].appl,1,46,0
ProvidenciaExampleScenario.node[902].appl,1,2,0
ProvidenciaExampleScenario.node[780].appl,1,29,0
ProvidenciaExampleScenario.node[896].appl,1,3,0
ProvidenciaExampleScenario.node[886].appl,1,2,0
ProvidenciaExampleScenario.node[941].appl,1,3,0
ProvidenciaExampleScenario.node[888].appl,1,19,0
ProvidenciaExampleScenario.node[911].appl,1,3,0
ProvidenciaExampleScenario.node[901].appl,1,3,0
ProvidenciaExampleScenario.node[702].appl,1,26,0
ProvidenciaExampleScenario.node[942].appl,1,3,0
ProvidenciaExampleScenario.node[898].appl,1,3,0
ProvidenciaExampleScenario.node[933].appl,1,15,0
ProvidenciaExampleScenario.node[876].appl,1,25,0
ProvidenciaExampleScenario.node[746].appl,1,17,0
ProvidenciaExampleScenario.node[958].appl,1,3,0
ProvidenciaExampleScenario.node[714].appl,1,36,0
ProvidenciaExampleScenario.node[913].appl,1,3,0
ProvidenciaExampleScenario.node[822].appl,1,26,0
ProvidenciaExampleScenario.node[945].appl,1,14,0
ProvidenciaExampleScenario.node[668].appl,1,26,0
ProvidenciaExampleScenario.node[936].appl,1,4,0
ProvidenciaExampleScenario.node[971].appl,1,3,0
ProvidenciaExampleScenario.node[938].appl,1,8,0
ProvidenciaExampleScenario.node[787].appl,1,32,0
ProvidenciaExampleScenario.node[767].appl,1,34,0
ProvidenciaExampleScenario.node[635].appl,1,37,0
ProvidenciaExampleScenario.node[665].appl,1,27,0
ProvidenciaExampleScenario.node[1008].appl,1,0,0
ProvidenciaExampleScenario.node[823].appl,1,27,0
ProvidenciaExampleScenario.node[806].appl,1,25,0
ProvidenciaExampleScenario.node[692].appl,1,27,0
ProvidenciaExampleScenario.node[977].appl,1,3,0
ProvidenciaExampleScenario.node[800].appl,1,30,0
ProvidenciaExampleScenario.node[816].appl,1,36,0
ProvidenciaExampleScenario.node[657].appl,1,42,0
ProvidenciaExampleScenario.node[843].appl,1,33,0
ProvidenciaExampleScenario.node[860].appl,1,22,0
ProvidenciaExampleScenario.node[839].appl,1,17,0
ProvidenciaExampleScenario.node[983].appl,1,3,0
ProvidenciaExampleScenario.node[680].appl,1,53,0
ProvidenciaExampleScenario.node[765].appl,1,25,0
ProvidenciaExampleScenario.node[1000].appl,1,2,0
ProvidenciaExampleScenario.node[744].appl,1,26,0
ProvidenciaExampleScenario.node[904].appl,1,20,0
ProvidenciaExampleScenario.node[870].appl,1,0,0
ProvidenciaExampleScenario.node[973].appl,1,8,0
ProvidenciaExampleScenario.node[925].appl,1,0,0
ProvidenciaExampleScenario.node[756].appl,1,17,0
ProvidenciaExampleScenario.node[472].appl,1,46,0
ProvidenciaExampleScenario.node[1011].appl,1,3,0
ProvidenciaExampleScenario.node[984].appl,1,12,0
ProvidenciaExampleScenario.node[1013].appl,1,3,0
ProvidenciaExampleScenario.node[1043].appl,1,5,0
ProvidenciaExampleScenario.node[934].appl,1,20,0
ProvidenciaExampleScenario.node[974].appl,1,0,0
ProvidenciaExampleScenario.node[978].appl,1,14,0
ProvidenciaExampleScenario.node[907].appl,1,18,0
ProvidenciaExampleScenario.node[313].appl,1,66,0
ProvidenciaExampleScenario.node[846].appl,1,30,0
ProvidenciaExampleScenario.node[480].appl,1,46,0
ProvidenciaExampleScenario.node[1016].appl,1,0,0
ProvidenciaExampleScenario.node[912].appl,1,14,0
ProvidenciaExampleScenario.node[1004].appl,1,7,0
ProvidenciaExampleScenario.node[981].appl,1,12,0
ProvidenciaExampleScenario.node[972].appl,1,8,0
ProvidenciaExampleScenario.node[1026].appl,1,0,0
ProvidenciaExampleScenario.node[642].appl,1,33,0
ProvidenciaExampleScenario.node[865].appl,1,17,0
ProvidenciaExampleScenario.node[1033].appl,1,0,0
ProvidenciaExampleScenario.node[937].appl,1,0,0
ProvidenciaExampleScenario.node[1009].appl,1,9,0
ProvidenciaExampleScenario.node[923].appl,1,9,0
ProvidenciaExampleScenario.node[892].appl,1,9,0
ProvidenciaExampleScenario.node[953].appl,1,0,0
ProvidenciaExampleScenario.node[778].appl,1,34,0
ProvidenciaExampleScenario.node[607].appl,1,29,0
ProvidenciaExampleScenario.node[966].appl,1,9,0
ProvidenciaExampleScenario.node[844].appl,1,0,0
ProvidenciaExampleScenario.node[982].appl,1,2,0
ProvidenciaExampleScenario.node[667].appl,1,24,0
ProvidenciaExampleScenario.node[1048].appl,1,0,0
ProvidenciaExampleScenario.node[808].appl,1,27,0
ProvidenciaExampleScenario.node[1094].appl,1,2,0
ProvidenciaExampleScenario.node[932].appl,1,0,0
ProvidenciaExampleScenario.node[1021].appl,1,1,0
ProvidenciaExampleScenario.node[946].appl,1,0,0
ProvidenciaExampleScenario.node[939].appl,1,20,0
ProvidenciaExampleScenario.node[995].appl,1,17,0
ProvidenciaExampleScenario.node[760].appl,1,0,0
ProvidenciaExampleScenario.node[1035].appl,1,1,0
ProvidenciaExampleScenario.node[637].appl,1,0,0
ProvidenciaExampleScenario.node[1017].appl,1,11,0
ProvidenciaExampleScenario.node[1029].appl,1,11,0
ProvidenciaExampleScenario.node[768].appl,1,20,0
ProvidenciaExampleScenario.node[1047].appl,1,0,0
ProvidenciaExampleScenario.node[895].appl,1,19,0
ProvidenciaExampleScenario.node[542].appl,1,40,0
ProvidenciaExampleScenario.node[940].appl,1,21,0
ProvidenciaExampleScenario.node[779].appl,1,20,0
ProvidenciaExampleScenario.node[903].appl,1,14,0
ProvidenciaExampleScenario.node[1005].appl,1,2,0
ProvidenciaExampleScenario.node[1025].appl,1,0,0
ProvidenciaExampleScenario.node[721].appl,1,23,0
ProvidenciaExampleScenario.node[919].appl,1,25,0
ProvidenciaExampleScenario.node[803].appl,1,28,0
ProvidenciaExampleScenario.node[889].appl,1,28,0
ProvidenciaExampleScenario.node[789].appl,1,29,0
ProvidenciaExampleScenario.node[781].appl,1,32,0
ProvidenciaExampleScenario.node[922].appl,1,16,0
ProvidenciaExampleScenario.node[1054].appl,1,3,0
ProvidenciaExampleScenario.node[951].appl,1,13,0
ProvidenciaExampleScenario.node[960].appl,1,26,0
ProvidenciaExampleScenario.node[916].appl,1,34,0
ProvidenciaExampleScenario.node[882].appl,1,40,0
ProvidenciaExampleScenario.node[1007].appl,1,22,0
ProvidenciaExampleScenario.node[944].appl,1,30,0
ProvidenciaExampleScenario.node[924].appl,1,19,0
ProvidenciaExampleScenario.node[1019].appl,1,21,0
ProvidenciaExampleScenario.node[794].appl,1,25,0
ProvidenciaExampleScenario.node[830].appl,1,23,0
ProvidenciaExampleScenario.node[969].appl,1,9,0
ProvidenciaExampleScenario.node[841].appl,1,22,0
ProvidenciaExampleScenario.node[1104].appl,1,7,0
ProvidenciaExampleScenario.node[881].appl,1,16,0
ProvidenciaExampleScenario.node[1022].appl,1,0,0
ProvidenciaExampleScenario.node[920].appl,1,11,0
ProvidenciaExampleScenario.node[976].appl,1,18,0
ProvidenciaExampleScenario.node[641].appl,1,59,0
ProvidenciaExampleScenario.node[1071].appl,1,1,0
ProvidenciaExampleScenario.node[871].appl,1,41,0
ProvidenciaExampleScenario.node[959].appl,1,6,0
ProvidenciaExampleScenario.node[1032].appl,1,13,0
ProvidenciaExampleScenario.node[921].appl,1,21,0
ProvidenciaExampleScenario.node[1051].appl,1,10,0
ProvidenciaExampleScenario.node[1024].appl,1,0,0
ProvidenciaExampleScenario.node[926].appl,1,2,0
ProvidenciaExampleScenario.node[1129].appl,1,4,0
ProvidenciaExampleScenario.node[968].appl,1,6,0
ProvidenciaExampleScenario.node[1006].appl,1,6,0
ProvidenciaExampleScenario.node[842].appl,1,28,0
ProvidenciaExampleScenario.node[1062].appl,1,0,0
ProvidenciaExampleScenario.node[1010].appl,1,1,0
ProvidenciaExampleScenario.node[786].appl,1,38,0
ProvidenciaExampleScenario.node[686].appl,1,36,0
ProvidenciaExampleScenario.node[1041].appl,1,2,0
ProvidenciaExampleScenario.node[1057].appl,1,0,0
ProvidenciaExampleScenario.node[947].appl,1,0,0
ProvidenciaExampleScenario.node[967].appl,1,0,0
ProvidenciaExampleScenario.node[935].appl,1,13,0
ProvidenciaExampleScenario.node[963].appl,1,0,0
ProvidenciaExampleScenario.node[1037].appl,1,0,0
ProvidenciaExampleScenario.node[574].appl,1,43,0
ProvidenciaExampleScenario.node[742].appl,1,42,0
ProvidenciaExampleScenario.node[1162].appl,1,2,0
ProvidenciaExampleScenario.node[1065].appl,1,0,0
ProvidenciaExampleScenario.node[805].appl,1,31,0
ProvidenciaExampleScenario.node[1078].appl,1,9,0
ProvidenciaExampleScenario.node[590].appl,1,43,0
ProvidenciaExampleScenario.node[980].appl,1,10,0
ProvidenciaExampleScenario.node[819].appl,1,41,0
ProvidenciaExampleScenario.node[950].appl,1,14,0
ProvidenciaExampleScenario.node[785].appl,1,35,0
ProvidenciaExampleScenario.node[707].appl,1,36,0
ProvidenciaExampleScenario.node[826].appl,1,25,0
ProvidenciaExampleScenario.node[740].appl,1,25,0
ProvidenciaExampleScenario.node[918].appl,1,24,0
ProvidenciaExampleScenario.node[906].appl,1,35,0
ProvidenciaExampleScenario.node[1045].appl,1,2,0
ProvidenciaExampleScenario.node[905].appl,1,24,0
ProvidenciaExampleScenario.node[1093].appl,1,2,0
ProvidenciaExampleScenario.node[1102].appl,1,0,0
ProvidenciaExampleScenario.node[880].appl,1,11,0
ProvidenciaExampleScenario.node[1084].appl,1,2,0
ProvidenciaExampleScenario.node[1109].appl,1,3,0
ProvidenciaExampleScenario.node[954].appl,1,36,0
ProvidenciaExampleScenario.node[962].appl,1,16,0
ProvidenciaExampleScenario.node[868].appl,1,17,0
ProvidenciaExampleScenario.node[1111].appl,1,3,0
ProvidenciaExampleScenario.node[1103].appl,1,0,0
ProvidenciaExampleScenario.node[1166].appl,1,4,0
ProvidenciaExampleScenario.node[985].appl,1,31,0
ProvidenciaExampleScenario.node[1018].appl,1,22,0
ProvidenciaExampleScenario.node[1056].appl,1,14,0
ProvidenciaExampleScenario.node[999].appl,1,24,0
ProvidenciaExampleScenario.node[1031].appl,1,21,0
ProvidenciaExampleScenario.node[993].appl,1,0,0
ProvidenciaExampleScenario.node[1123].appl,1,3,0
ProvidenciaExampleScenario.node[979].appl,1,17,0
ProvidenciaExampleScenario.node[1136].appl,1,3,0
ProvidenciaExampleScenario.node[1073].appl,1,20,0
ProvidenciaExampleScenario.node[952].appl,1,33,0
ProvidenciaExampleScenario.node[1028].appl,1,17,0
ProvidenciaExampleScenario.node[1119].appl,1,0,0
ProvidenciaExampleScenario.node[1152].appl,1,2,0
ProvidenciaExampleScenario.node[1124].appl,1,9,0
ProvidenciaExampleScenario.node[1097].appl,1,18,0
ProvidenciaExampleScenario.node[1088].appl,1,20,0
ProvidenciaExampleScenario.node[1126].appl,1,0,0
ProvidenciaExampleScenario.node[474].appl,1,61,0
ProvidenciaExampleScenario.node[648].appl,0,53,0
ProvidenciaExampleScenario.node[650].appl,0,49,0
ProvidenciaExampleScenario.node[706].appl,0,67,0
ProvidenciaExampleScenario.node[733].appl,0,45,0
ProvidenciaExampleScenario.node[735].appl,0,39,0
ProvidenciaExampleScenario.node[736].appl,0,45,0
ProvidenciaExampleScenario.node[739].appl,0,40,0
ProvidenciaExampleScenario.node[741].appl,0,46,0
ProvidenciaExampleScenario.node[817].appl,0,28,0
ProvidenciaExampleScenario.node[824].appl,0,39,0
ProvidenciaExampleScenario.node[832].appl,0,34,0
ProvidenciaExampleScenario.node[833].appl,0,43,0
ProvidenciaExampleScenario.node[834].appl,0,31,0
ProvidenciaExampleScenario.node[837].appl,0,34,0
ProvidenciaExampleScenario.node[838].appl,0,44,0
ProvidenciaExampleScenario.node[856].appl,0,13,0
ProvidenciaExampleScenario.node[864].appl,0,41,0
ProvidenciaExampleScenario.node[866].appl,0,39,0
ProvidenciaExampleScenario.node[873].appl,0,37,0
ProvidenciaExampleScenario.node[875].appl,0,26,0
ProvidenciaExampleScenario.node[878].appl,0,12,0
ProvidenciaExampleScenario.node[887].appl,0,12,0
ProvidenciaExampleScenario.node[914].appl,0,37,0
ProvidenciaExampleScenario.node[929].appl,0,31,0
ProvidenciaExampleScenario.node[931].appl,0,5,0
ProvidenciaExampleScenario.node[943].appl,0,13,0
ProvidenciaExampleScenario.node[949].appl,0,27,0
ProvidenciaExampleScenario.node[956].appl,0,32,0
ProvidenciaExampleScenario.node[957].appl,0,31,0
ProvidenciaExampleScenario.node[961].appl,0,31,0
ProvidenciaExampleScenario.node[964].appl,0,0,0
ProvidenciaExampleScenario.node[986].appl,0,8,0
ProvidenciaExampleScenario.node[987].appl,0,31,0
ProvidenciaExampleScenario.node[988].appl,0,0,0
ProvidenciaExampleScenario.node[989].appl,0,36,0
ProvidenciaExampleScenario.node[990].appl,0,1,0
ProvidenciaExampleScenario.node[991].appl,0,30,0
ProvidenciaExampleScenario.node[992].appl,0,12,0
ProvidenciaExampleScenario.node[994].appl,0,5,0
ProvidenciaExampleScenario.node[996].appl,0,6,0
ProvidenciaExampleScenario.node[997].appl,0,30,0
ProvidenciaExampleScenario.node[998].appl,0,19,0
ProvidenciaExampleScenario.node[1001].appl,0,36,0
ProvidenciaExampleScenario.node[1002].appl,0,20,0
ProvidenciaExampleScenario.node[1003].appl,0,20,0
ProvidenciaExampleScenario.node[1012].appl,0,13,0
ProvidenciaExampleScenario.node[1014].appl,0,19,0
ProvidenciaExampleScenario.node[1015].appl,0,23,0
ProvidenciaExampleScenario.node[1020].appl,0,29,0
ProvidenciaExampleScenario.node[1023].appl,0,12,0
ProvidenciaExampleScenario.node[1027].appl,0,13,0
ProvidenciaExampleScenario.node[1030].appl,0,28,0
ProvidenciaExampleScenario.node[1034].appl,0,12,0
ProvidenciaExampleScenario.node[1036].appl,0,0,0
ProvidenciaExampleScenario.node[1038].appl,0,30,0
ProvidenciaExampleScenario.node[1039].appl,0,19,0
ProvidenciaExampleScenario.node[1040].appl,0,19,0
ProvidenciaExampleScenario.node[1042].appl,0,20,0
ProvidenciaExampleScenario.node[1044].appl,0,20,0
ProvidenciaExampleScenario.node[1046].appl,0,19,0
ProvidenciaExampleScenario.node[1049].appl,0,28,0
ProvidenciaExampleScenario.node[1050].appl,0,11,0
ProvidenciaExampleScenario.node[1052].appl,0,11,0
ProvidenciaExampleScenario.node[1053].appl,0,0,0
ProvidenciaExampleScenario.node[1055].appl,0,0,0
ProvidenciaExampleScenario.node[1058].appl,0,3,0
ProvidenciaExampleScenario.node[1059].appl,0,12,0
ProvidenciaExampleScenario.node[1060].appl,0,25,0
ProvidenciaExampleScenario.node[1061].appl,0,6,0
ProvidenciaExampleScenario.node[1063].appl,0,4,0
ProvidenciaExampleScenario.node[1064].appl,0,18,0
ProvidenciaExampleScenario.node[1066].appl,0,18,0
ProvidenciaExampleScenario.node[1067].appl,0,24,0
ProvidenciaExampleScenario.node[1068].appl,0,12,0
ProvidenciaExampleScenario.node[1069].appl,0,0,0
ProvidenciaExampleScenario.node[1070].appl,0,17,0
ProvidenciaExampleScenario.node[1072].appl,0,23,0
ProvidenciaExampleScenario.node[1074].appl,0,6,0
ProvidenciaExampleScenario.node[1075].appl,0,11,0
ProvidenciaExampleScenario.node[1076].appl,0,12,0
ProvidenciaExampleScenario.node[1077].appl,0,16,0
ProvidenciaExampleScenario.node[1079].appl,0,0,0
ProvidenciaExampleScenario.node[1080].appl,0,0,0
ProvidenciaExampleScenario.node[1081].appl,0,1,0
ProvidenciaExampleScenario.node[1082].appl,0,12,0
ProvidenciaExampleScenario.node[1083].appl,0,16,0
ProvidenciaExampleScenario.node[1085].appl,0,0,0
ProvidenciaExampleScenario.node[1086].appl,0,0,0
ProvidenciaExampleScenario.node[1087].appl,0,21,0
ProvidenciaExampleScenario.node[1089].appl,0,21,0
ProvidenciaExampleScenario.node[1090].appl,0,5,0
ProvidenciaExampleScenario.node[1091].appl,0,1,0
ProvidenciaExampleScenario.node[1092].appl,0,14,0
ProvidenciaExampleScenario.node[1095].appl,0,3,0
ProvidenciaExampleScenario.node[1096].appl,0,5,0
ProvidenciaExampleScenario.node[1098].appl,0,13,0
ProvidenciaExampleScenario.node[1099].appl,0,16,0
ProvidenciaExampleScenario.node[1100].appl,0,0,0
ProvidenciaExampleScenario.node[1101].appl,0,12,0
ProvidenciaExampleScenario.node[1105].appl,0,14,0
ProvidenciaExampleScenario.node[1106].appl,0,12,0
ProvidenciaExampleScenario.node[1107].appl,0,11,0
ProvidenciaExampleScenario.node[1108].appl,0,11,0
ProvidenciaExampleScenario.node[1110].appl,0,0,0
ProvidenciaExampleScenario.node[1112].appl,0,0,0
ProvidenciaExampleScenario.node[1113].appl,0,0,0
ProvidenciaExampleScenario.node[1114].appl,0,8,0
ProvidenciaExampleScenario.node[1115].appl,0,0,0
ProvidenciaExampleScenario.node[1116].appl,0,0,0
ProvidenciaExampleScenario.node[1117].appl,0,10,0
ProvidenciaExampleScenario.node[1118].appl,0,4,0
ProvidenciaExampleScenario.node[1120].appl,0,0,0
ProvidenciaExampleScenario.node[1121].appl,0,0,0
ProvidenciaExampleScenario.node[1122].appl,0,5,0
ProvidenciaExampleScenario.node[1125].appl,0,0,0
ProvidenciaExampleScenario.node[1127].appl,0,13,0
ProvidenciaExampleScenario.node[1128].appl,0,0,0
ProvidenciaExampleScenario.node[1130].appl,0,9,0
ProvidenciaExampleScenario.node[1131].appl,0,6,0
ProvidenciaExampleScenario.node[1132].appl,0,9,0
ProvidenciaExampleScenario.node[1133].appl,0,2,0
ProvidenciaExampleScenario.node[1134].appl,0,13,0
ProvidenciaExampleScenario.node[1135].appl,0,0,0
ProvidenciaExampleScenario.node[1137].appl,0,0,0
ProvidenciaExampleScenario.node[1138].appl,0,7,0
ProvidenciaExampleScenario.node[1139].appl,0,0,0
ProvidenciaExampleScenario.node[1140].appl,0,0,0
ProvidenciaExampleScenario.node[1141].appl,0,12,0
ProvidenciaExampleScenario.node[1142].appl,0,0,0
ProvidenciaExampleScenario.node[1143].appl,0,0,0
ProvidenciaExampleScenario.node[1144].appl,0,8,0
ProvidenciaExampleScenario.node[1145].appl,0,4,0
ProvidenciaExampleScenario.node[1146].appl,0,2,0
ProvidenciaExampleScenario.node[1147].appl,0,0,0
ProvidenciaExampleScenario.node[1148].appl,0,4,0
ProvidenciaExampleScenario.node[1149].appl,0,12,0
ProvidenciaExampleScenario.node[1150].appl,0,0,0
ProvidenciaExampleScenario.node[1151].appl,0,11,0
ProvidenciaExampleScenario.node[1153].appl,0,8,0
ProvidenciaExampleScenario.node[1154].appl,0,0,0
ProvidenciaExampleScenario.node[1155].appl,0,0,0
ProvidenciaExampleScenario.node[1156].appl,0,10,0
ProvidenciaExampleScenario.node[1157].appl,0,0,0
ProvidenciaExampleScenario.node[1158].appl,0,10,0
ProvidenciaExampleScenario.node[1159].appl,0,0,0
ProvidenciaExampleScenario.node[1160].appl,0,1,0
ProvidenciaExampleScenario.node[1161].appl,0,0,0
ProvidenciaExampleScenario.node[1163].appl,0,2,0
ProvidenciaExampleScenario.node[1164].appl,0,0,0
ProvidenciaExampleScenario.node[1165].appl,0,0,0
ProvidenciaExampleScenario.node[1167].appl,0,2,0
ProvidenciaExampleScenario.node[1168].appl,0,0,0
ProvidenciaExampleScenario.node[1169].appl,0,0,0
ProvidenciaExampleScenario.node[1170].appl,0,0,0
ProvidenciaExampleScenario.node[1171].appl,0,0,0
ProvidenciaExampleScenario.node[1172].appl,0,1,0
ProvidenciaExampleScenario.node[1173].appl,0,2,0
ProvidenciaExampleScenario.node[1174].appl,0,7,0
ProvidenciaExampleScenario.node[1175].appl,0,0,0
ProvidenciaExampleScenario.node[1176].appl,0,7,0
ProvidenciaExampleScenario.node[1177].appl,0,0,0
ProvidenciaExampleScenario.node[1178].appl,0,0,0
ProvidenciaExampleScenario.node[1179].appl,0,0,0
ProvidenciaExampleScenario.node[1180].appl,0,2,0
ProvidenciaExampleScenario.node[1181].appl,0,6,0
ProvidenciaExampleScenario.node[1182].appl,0,1,0
ProvidenciaExampleScenario.node[1183].appl,0,0,0
ProvidenciaExampleScenario.node[1184].appl,0,0,0
ProvidenciaExampleScenario.node[1185].appl,0,0,0
ProvidenciaExampleScenario.node[1186].appl,0,0,0
ProvidenciaExampleScenario.node[1187].appl,0,0,0
ProvidenciaExampleScenario.node[1188].appl,0,0,0
ProvidenciaExampleScenario.node[1189].appl,0,2,0
ProvidenciaExampleScenario.node[1190].appl,0,0,0
ProvidenciaExampleScenario.node[1191].appl,0,5,0
ProvidenciaExampleScenario.node[1192].appl,0,5,0
ProvidenciaExampleScenario.node[1193].appl,0,0,0
ProvidenciaExampleScenario.node[1194].appl,0,4,0
ProvidenciaExampleScenario.node[1195].appl,0,0,0
ProvidenciaExampleScenario.node[1196].appl,0,4,0
ProvidenciaExampleScenario.node[1197].appl,0,4,0
ProvidenciaExampleScenario.node[1198].appl,0,4,0
ProvidenciaExampleScenario.node[1199].appl,0,0,0
ProvidenciaExampleScenario.node[1200].appl,0,0,0
ProvidenciaExampleScenario.node[1201].appl,0,0,0
ProvidenciaExampleScenario.node[1202].appl,0,0,0
ProvidenciaExampleScenario.node[1203].appl,0,3,0
ProvidenciaExampleScenario.node[1204].appl,0,3,0
ProvidenciaExampleScenario.node[1205].appl,0,0,0
ProvidenciaExampleScenario.node[1206].appl,0,2,0
ProvidenciaExampleScenario.node[1207].appl,0,0,0
ProvidenciaExampleScenario.node[1208].appl,0,3,0
ProvidenciaExampleScenario.node[1209].appl,0,2,0
ProvidenciaExampleScenario.node[1210].appl,0,0,0
ProvidenciaExampleScenario.node[1211].appl,0,2,0
ProvidenciaExampleScenario.node[1212].appl,0,2,0
ProvidenciaExampleScenario.node[1213].appl,0,0,0
ProvidenciaExampleScenario.node[1214].appl,0,2,0
ProvidenciaExampleScenario.node[1215].appl,0,1,0
ProvidenciaExampleScenario.node[1216].appl,0,0,0
ProvidenciaExampleScenario.node[1217].appl,0,0,0
ProvidenciaExampleScenario.node[1218].appl,0,1,0
ProvidenciaExampleScenario.node[1219].appl,0,0,0
ProvidenciaExampleScenario.node[1220].appl,0,0,0
ProvidenciaExampleScenario.node[1221].appl,0,0,0
ProvidenciaExampleScenario.node[1222].appl,0,0,0
ProvidenciaExampleScenario.node[1223].appl,0,0,0
ProvidenciaExampleScenario.node[1224].appl,0,0,0
ProvidenciaExampleScenario.node[1225].appl,0,0,0
ProvidenciaExampleScenario.node[1226].appl,0,0,0
ProvidenciaExampleScenario.node[1227].appl,0,0,0
ProvidenciaExampleScenario.node[1228].appl,0,0,0
ProvidenciaExampleScenario.node[1229].appl,0,0,0
ProvidenciaExampleScenario.node[1230].appl,0,0,0
ProvidenciaExampleScenario.node[1231].appl,0,0,0
ProvidenciaExampleScenario.node[1232].appl,0,0,0
ProvidenciaExampleScenario.node[1233].appl,0,0,0
ProvidenciaExampleScenario.node[1234].appl,0,0,0
ProvidenciaExampleScenario.node[1235].appl,0,0,0
ProvidenciaExampleScenario.node[1236].appl,0,0,0
ProvidenciaExampleScenario.node[1237].appl,0,0,0
ProvidenciaExampleScenario.node[1238].appl,0,0,0
ProvidenciaExampleScenario.node[51].appl,0,0,164
ProvidenciaExampleScenario.node[143].appl,0,110,0
ProvidenciaExampleScenario.node[315].appl,0,92,0
ProvidenciaExampleScenario.node[433].appl,0,114,0
ProvidenciaExampleScenario.node[470].appl,0,72,0
ProvidenciaExampleScenario.node[471].appl,0,108,0
ProvidenciaExampleScenario.node[478].appl,0,69,0
ProvidenciaExampleScenario.node[482].appl,0,91,0
